MATERIAL_NUMBER,Order Count,ABC,PICK_FACE_NO_OF_LOC
ITM742,674,A,1
ITM5010,576,A,1
ITM1130,553,A,1
ITM2103,523,A,1
ITM157,463,A,1
ITM5011,439,A,1
ITM677,415,A,1
ITM5012,411,A,1
ITM5013,387,A,1
ITM5014,362,A,1
ITM147,362,A,1
ITM373,360,A,1
ITM149,325,A,1
ITM935,321,A,1
ITM328,288,A,1
ITM158,284,A,1
ITM5015,269,A,1
ITM23,268,A,1
ITM789,267,A,1
ITM384,266,A,1
ITM5546,260,A,1
ITM5761,256,A,1
ITM5574,251,A,1
ITM6416,250,A,1
ITM2,247,A,1
ITM6,241,A,1
ITM21,241,A,1
ITM5579,237,A,1
ITM1370,237,A,1
ITM788,235,A,1
ITM6246,234,A,1
ITM5626,234,A,1
ITM199,233,A,1
ITM6436,233,A,1
ITM161,233,A,1
ITM1,230,A,1
ITM3,228,A,1
ITM6495,224,A,1
ITM5640,222,A,1
ITM9,222,A,1
ITM5022,218,A,1
ITM75,218,A,1
ITM148,208,A,1
ITM6182,203,A,3
ITM5627,200,A,1
ITM3164,195,A,1
ITM6071,191,A,1
ITM6087,190,A,1
ITM77,189,A,1
ITM5,188,A,1
ITM5645,184,A,1
ITM1044,180,A,1
ITM1114,178,A,1
ITM45,176,A,1
ITM5628,175,A,1
ITM5271,175,A,1
ITM5932,174,A,1
ITM6428,168,A,1
ITM4,168,A,1
ITM1236,166,A,1
ITM6392,163,A,1
ITM2105,163,A,1
ITM6050,163,A,1
ITM5210,162,A,1
ITM5646,161,A,1
ITM1120,161,A,1
ITM5738,159,A,1
ITM1281,157,A,1
ITM5249,157,A,1
ITM6139,156,A,1
ITM383,156,A,1
ITM5187,156,A,1
ITM6013,155,A,1
ITM6369,154,A,1
ITM731,151,A,1
ITM6048,150,A,1
ITM6047,150,A,1
ITM6083,148,A,1
ITM5660,148,A,1
ITM260,147,A,1
ITM1540,146,A,1
ITM6367,143,A,1
ITM6137,143,A,1
ITM163,143,A,1
ITM5715,142,A,1
ITM5851,139,A,1
ITM1478,138,A,1
ITM6245,136,A,1
ITM2769,134,A,1
ITM6372,132,A,1
ITM1659,131,A,1
ITM5099,128,A,1
ITM6116,128,A,1
ITM6356,125,A,1
ITM5529,125,A,1
ITM6134,124,A,1
ITM6520,124,A,1
ITM2948,123,A,1
ITM5184,123,A,1
ITM6548,122,A,1
ITM1328,122,A,1
ITM6417,121,A,1
ITM6393,120,A,1
ITM5084,120,A,1
ITM6058,119,A,1
ITM6045,119,A,1
ITM236,118,A,1
ITM6128,118,A,1
ITM929,117,A,1
ITM6154,116,A,1
ITM6409,116,A,1
ITM736,116,A,1
ITM4005,115,A,1
ITM6394,114,A,1
ITM5536,112,A,1
ITM5532,112,A,1
ITM6429,111,A,1
ITM2665,110,A,1
ITM5790,109,A,1
ITM6090,109,A,1
ITM6155,109,A,1
ITM6242,109,A,1
ITM940,108,A,1
ITM6262,108,A,1
ITM5612,108,A,1
ITM1050,107,A,1
ITM6341,107,A,1
ITM1312,106,A,1
ITM6264,105,A,1
ITM5351,105,A,1
ITM5695,105,A,1
ITM6173,105,A,1
ITM6082,104,A,1
ITM1280,104,A,1
ITM5794,104,A,1
ITM6174,104,A,1
ITM5747,104,A,1
ITM5528,103,A,1
ITM1453,103,A,1
ITM394,102,A,1
ITM6473,102,A,1
ITM19,101,A,1
ITM1442,100,A,1
ITM5350,99,A,1
ITM5642,99,A,1
ITM6415,99,A,1
ITM2233,99,A,1
ITM6565,98,A,1
ITM5188,97,A,1
ITM5653,97,A,1
ITM6366,97,A,1
ITM187,96,A,1
ITM5749,96,A,1
ITM5775,96,A,1
ITM6046,96,A,1
ITM6398,95,A,1
ITM6175,95,A,1
ITM6156,95,A,1
ITM6062,95,A,1
ITM5776,94,A,1
ITM497,94,A,1
ITM676,93,A,1
ITM6124,93,A,1
ITM1854,93,A,1
ITM6465,93,A,1
ITM6382,91,A,1
ITM1625,91,A,1
ITM5981,91,A,1
ITM1760,91,A,1
ITM1546,89,A,1
ITM6153,88,A,1
ITM6249,88,A,1
ITM376,87,A,1
ITM6437,87,A,1
ITM6248,87,A,1
ITM5936,87,A,1
ITM6472,87,A,1
ITM5186,87,A,1
ITM5841,86,A,1
ITM6094,86,A,1
ITM6563,85,A,1
ITM2107,85,A,1
ITM1590,85,A,1
ITM6408,85,A,1
ITM939,85,A,1
ITM6157,85,A,1
ITM6043,85,A,1
ITM6357,84,A,1
ITM5671,84,A,1
ITM5912,84,A,1
ITM472,83,A,1
ITM5281,83,A,1
ITM6381,83,A,1
ITM5693,82,A,1
ITM5773,82,A,1
ITM6500,82,A,1
ITM1867,81,A,1
ITM5832,80,A,1
ITM313,79,A,1
ITM5765,79,A,1
ITM5763,79,A,1
ITM6167,78,A,1
ITM5282,78,A,1
ITM6163,77,A,1
ITM6166,76,A,1
ITM6164,76,A,1
ITM378,76,A,1
ITM1293,76,A,1
ITM1998,76,A,1
ITM6091,76,A,1
ITM5035,75,A,1
ITM1729,75,A,1
ITM2066,75,A,1
ITM1994,74,A,1
ITM5783,74,A,1
ITM377,73,A,1
ITM5740,72,A,1
ITM165,72,A,1
ITM5781,72,A,1
ITM1232,72,A,1
ITM1997,72,A,1
ITM188,71,A,1
ITM6088,71,A,1
ITM1234,71,A,1
ITM6263,70,A,1
ITM6135,70,A,1
ITM6349,70,A,1
ITM8,70,A,1
ITM5592,70,A,1
ITM6326,70,A,1
ITM6430,69,A,1
ITM6351,69,A,1
ITM465,68,A,1
ITM1320,68,A,1
ITM1035,68,A,1
ITM6112,67,A,1
ITM1057,67,A,1
ITM6432,67,A,1
ITM1000,66,A,1
ITM5057,66,A,1
ITM6165,66,A,1
ITM5700,65,A,1
ITM5200,65,A,1
ITM5233,64,A,1
ITM6593,64,A,1
ITM5808,64,A,1
ITM6284,64,A,1
ITM1169,63,A,1
ITM5786,63,A,1
ITM6179,63,A,1
ITM6470,63,A,1
ITM6247,63,A,1
ITM6426,63,A,1
ITM5762,62,A,1
ITM835,62,A,1
ITM2277,62,A,1
ITM5733,62,A,1
ITM5581,61,A,1
ITM6371,61,A,1
ITM152,61,A,1
ITM5836,61,A,1
ITM1019,61,A,1
ITM232,61,A,1
ITM381,60,A,1
ITM5741,60,A,1
ITM6334,60,A,1
ITM2486,60,A,1
ITM6075,60,A,1
ITM5748,60,A,1
ITM5349,60,A,1
ITM1012,59,A,1
ITM1231,59,A,1
ITM480,59,A,1
ITM6095,59,A,1
ITM5092,59,A,1
ITM6423,58,A,1
ITM6054,58,A,1
ITM6178,58,A,1
ITM1386,57,A,1
ITM5714,57,A,1
ITM5831,57,A,1
ITM5652,57,A,1
ITM6066,57,A,1
ITM1427,57,A,1
ITM6419,57,A,1
ITM5046,57,A,1
ITM229,57,A,1
ITM5698,56,A,1
ITM2562,56,A,1
ITM5746,56,A,1
ITM1250,56,A,1
ITM5924,56,A,1
ITM1753,56,A,1
ITM390,56,A,1
ITM6443,55,A,1
ITM6389,55,A,1
ITM5023,55,A,1
ITM6320,54,A,1
ITM1129,54,A,1
ITM6355,54,A,1
ITM5208,54,A,1
ITM179,54,A,1
ITM5772,54,A,1
ITM1812,53,A,1
ITM993,53,A,1
ITM450,53,A,1
ITM6471,53,A,1
ITM389,53,A,1
ITM5837,52,A,1
ITM5218,52,A,1
ITM5825,52,A,1
ITM2853,52,A,1
ITM6400,52,A,1
ITM6350,51,A,1
ITM1037,51,A,1
ITM5830,51,A,1
ITM156,51,A,1
ITM5659,51,A,1
ITM983,51,A,1
ITM6089,51,A,1
ITM6385,51,A,1
ITM5087,51,A,1
ITM6616,51,A,1
ITM5800,50,A,1
ITM5689,50,A,1
ITM5801,50,A,1
ITM5694,50,A,1
ITM453,50,A,1
ITM5504,50,A,1
ITM6614,49,A,1
ITM196,49,A,1
ITM1122,49,A,1
ITM6592,49,A,1
ITM1649,49,A,1
ITM6107,49,A,1
ITM208,49,A,1
ITM6280,48,A,1
ITM6460,48,A,1
ITM1999,48,A,1
ITM6102,48,A,1
ITM6051,48,A,1
ITM5503,48,A,1
ITM1519,47,A,1
ITM6438,47,A,1
ITM1054,47,A,1
ITM1948,46,A,1
ITM5782,46,A,1
ITM3069,46,A,1
ITM717,46,A,1
ITM5809,46,A,1
ITM1081,45,A,1
ITM5030,45,A,1
ITM1548,45,A,1
ITM6411,45,A,1
ITM2408,45,A,1
ITM6040,45,A,1
ITM1813,45,A,1
ITM2128,45,A,1
ITM3210,44,A,1
ITM6136,44,A,1
ITM6020,44,A,1
ITM1641,44,A,1
ITM20,44,A,1
ITM5883,44,A,1
ITM6596,44,A,1
ITM5585,44,A,1
ITM6152,44,A,1
ITM5687,44,A,1
ITM5994,43,A,1
ITM393,43,A,1
ITM6412,43,A,1
ITM1825,43,A,1
ITM2914,43,A,1
ITM281,43,A,1
ITM3429,42,A,1
ITM1817,42,A,1
ITM6374,42,A,1
ITM358,42,A,1
ITM5545,42,A,1
ITM6172,42,A,1
ITM6352,42,A,1
ITM5791,42,A,1
ITM5726,42,A,1
ITM5090,42,A,1
ITM6042,41,A,1
ITM6177,41,A,1
ITM5331,41,A,1
ITM5701,41,A,1
ITM5137,41,A,1
ITM6442,41,A,1
ITM5672,40,A,1
ITM2772,40,A,1
ITM1319,40,A,1
ITM6497,40,A,1
ITM6265,40,A,1
ITM5745,40,A,1
ITM2011,40,A,1
ITM2054,40,A,1
ITM1033,40,A,1
ITM166,39,A,1
ITM5214,39,A,1
ITM2337,39,A,1
ITM5639,39,A,1
ITM735,39,A,1
ITM5834,39,A,1
ITM1361,39,A,1
ITM5336,38,A,1
ITM374,38,A,1
ITM6434,38,A,1
ITM5142,38,A,1
ITM5587,38,A,1
ITM6039,38,A,1
ITM5877,38,A,1
ITM5045,38,A,1
ITM1843,38,A,1
ITM1905,38,A,1
ITM273,38,A,1
ITM1353,38,A,1
ITM6117,38,A,1
ITM1811,38,A,1
ITM5665,38,A,1
ITM1996,37,A,1
ITM1658,37,A,1
ITM1899,37,A,1
ITM5610,37,A,1
ITM1256,37,A,1
ITM1153,37,A,1
ITM3789,37,A,1
ITM1589,37,A,1
ITM5744,36,A,1
ITM5027,36,A,1
ITM1556,36,A,1
ITM6477,36,A,1
ITM6061,36,A,1
ITM259,36,A,1
ITM5095,36,A,1
ITM5846,36,A,1
ITM1674,36,A,1
ITM1075,35,A,1
ITM1116,35,A,1
ITM5501,35,A,1
ITM5561,35,A,1
ITM1302,35,A,1
ITM1496,35,A,1
ITM1311,35,A,1
ITM6364,35,A,1
ITM5075,35,A,1
ITM5739,35,A,1
ITM5220,35,A,1
ITM6467,35,A,1
ITM1838,35,A,1
ITM5505,35,A,1
ITM5982,34,A,1
ITM5861,34,A,1
ITM5827,34,A,1
ITM244,34,A,1
ITM6276,34,A,1
ITM6109,34,A,1
ITM5104,34,A,1
ITM1315,34,A,1
ITM5073,34,A,1
ITM6084,34,A,1
ITM2072,34,A,1
ITM5206,33,A,1
ITM5810,33,A,1
ITM5928,33,A,1
ITM168,33,A,1
ITM5767,33,A,1
ITM541,33,A,1
ITM2367,33,A,1
ITM1765,33,A,1
ITM5844,33,A,1
ITM2876,33,A,1
ITM1555,33,A,1
ITM672,33,A,1
ITM5696,33,A,1
ITM2229,33,A,1
ITM6482,32,A,1
ITM6618,32,A,1
ITM6387,32,A,1
ITM6244,32,A,1
ITM5074,32,A,1
ITM6093,32,A,1
ITM5575,32,A,1
ITM276,32,A,1
ITM5764,31,A,1
ITM6485,31,A,1
ITM5780,31,A,1
ITM2705,31,A,1
ITM2406,31,A,1
ITM1680,31,A,1
ITM6489,31,A,1
ITM2845,31,A,1
ITM5779,31,A,1
ITM5071,31,A,1
ITM5070,31,A,1
ITM5651,31,A,1
ITM1553,30,A,1
ITM5957,30,A,1
ITM6461,30,A,1
ITM6421,30,A,1
ITM172,30,A,1
ITM6006,30,A,1
ITM5072,30,A,1
ITM5716,30,A,1
ITM5586,30,A,1
ITM1258,30,A,1
ITM6049,30,A,1
ITM1707,30,A,1
ITM5680,30,A,1
ITM6639,30,A,1
ITM6475,30,A,1
ITM6566,30,A,1
ITM3411,29,A,1
ITM5043,29,A,1
ITM5807,29,A,1
ITM5899,29,A,1
ITM1686,29,A,1
ITM5644,29,A,1
ITM6440,29,A,1
ITM1007,29,A,1
ITM6348,29,A,1
ITM1872,29,A,1
ITM2044,29,A,1
ITM195,29,A,1
ITM1235,29,A,1
ITM2407,29,A,1
ITM5058,29,A,1
ITM164,29,A,1
ITM2163,29,A,1
ITM5993,28,A,1
ITM6644,28,A,1
ITM1636,28,A,1
ITM5483,28,A,1
ITM6285,28,A,1
ITM1045,28,A,1
ITM5949,28,A,1
ITM5250,28,A,1
ITM2832,28,A,1
ITM2036,28,A,1
ITM159,28,A,1
ITM1654,28,A,1
ITM6626,28,A,1
ITM6031,28,A,1
ITM5596,28,A,1
ITM6073,27,A,1
ITM3373,27,A,1
ITM386,27,A,1
ITM6028,27,A,1
ITM1493,27,A,1
ITM5025,27,A,1
ITM6056,27,A,1
ITM5485,27,A,1
ITM5259,27,A,1
ITM1856,27,A,1
ITM6607,27,A,1
ITM930,27,A,1
ITM5664,27,A,1
ITM5599,27,A,1
ITM5860,27,A,1
ITM5648,27,A,1
ITM949,27,A,1
ITM1421,27,A,1
ITM5205,27,A,1
ITM5938,26,A,1
ITM6162,26,A,1
ITM2957,26,A,1
ITM5940,26,A,1
ITM1329,26,A,1
ITM76,26,A,1
ITM5593,26,A,1
ITM5697,26,A,1
ITM6018,26,A,1
ITM1233,26,A,1
ITM1197,26,A,1
ITM1368,26,A,1
ITM1902,26,A,1
ITM6431,26,A,1
ITM6241,26,A,1
ITM5743,26,A,1
ITM1793,25,A,1
ITM5268,25,A,1
ITM5203,25,A,1
ITM1237,25,A,1
ITM5720,25,A,1
ITM1204,25,A,1
ITM2104,25,A,1
ITM5295,25,A,1
ITM1290,25,A,1
ITM6452,25,A,1
ITM5346,25,A,1
ITM1200,25,A,1
ITM469,25,A,1
ITM1755,25,A,1
ITM6131,25,A,1
ITM1756,25,A,1
ITM6129,25,A,1
ITM6479,24,A,1
ITM1797,24,A,1
ITM5177,24,A,1
ITM3074,24,A,1
ITM1109,24,A,1
ITM1932,24,A,1
ITM994,24,A,1
ITM2114,24,A,1
ITM1623,24,A,1
ITM5348,24,A,1
ITM5737,24,A,1
ITM5594,24,A,1
ITM6594,23,A,1
ITM5280,23,A,1
ITM6151,23,A,1
ITM6118,23,A,1
ITM5273,23,A,1
ITM5736,23,A,1
ITM6057,23,A,1
ITM1079,23,A,1
ITM6064,23,A,1
ITM201,23,A,1
ITM6096,23,A,1
ITM4038,23,A,1
ITM5194,23,A,1
ITM5321,23,A,1
ITM6345,23,A,1
ITM5766,23,A,1
ITM1693,23,A,1
ITM1156,23,A,1
ITM6267,23,A,1
ITM5769,23,A,1
ITM6496,23,A,1
ITM1853,23,A,1
ITM174,22,A,1
ITM5379,22,A,1
ITM5097,22,A,1
ITM906,22,A,1
ITM5934,22,A,1
ITM5182,22,A,1
ITM1091,22,A,1
ITM5995,22,A,1
ITM5894,22,A,1
ITM2331,22,A,1
ITM6610,22,A,1
ITM180,22,A,1
ITM169,22,A,1
ITM5822,22,A,1
ITM6065,22,A,1
ITM1758,22,A,1
ITM6235,22,A,1
ITM5690,22,A,1
ITM6488,22,A,1
ITM1645,21,B,1
ITM5508,21,B,1
ITM6773,21,B,1
ITM2226,21,B,1
ITM5047,21,B,1
ITM5598,21,B,1
ITM826,21,B,1
ITM6418,21,B,1
ITM6113,21,B,1
ITM6558,21,B,1
ITM5650,21,B,1
ITM545,21,B,1
ITM1952,21,B,1
ITM6346,21,B,1
ITM5668,21,B,1
ITM5663,21,B,1
ITM6454,21,B,1
ITM5770,21,B,1
ITM6343,20,B,1
ITM6125,20,B,1
ITM5337,20,B,1
ITM5987,20,B,1
ITM6427,20,B,1
ITM1123,20,B,1
ITM5784,20,B,1
ITM3278,20,B,1
ITM5309,20,B,1
ITM5723,20,B,1
ITM5870,20,B,1
ITM83,20,B,1
ITM6599,20,B,1
ITM5296,20,B,1
ITM178,20,B,1
ITM5231,20,B,1
ITM798,20,B,1
ITM6332,20,B,1
ITM5901,20,B,1
ITM5699,20,B,1
ITM6270,19,B,1
ITM5876,19,B,1
ITM1205,19,B,1
ITM6478,19,B,1
ITM5909,19,B,1
ITM6564,19,B,1
ITM5317,19,B,1
ITM2153,19,B,1
ITM6641,19,B,1
ITM6041,19,B,1
ITM1115,19,B,1
ITM5527,19,B,1
ITM5020,19,B,1
ITM2492,19,B,1
ITM2771,19,B,1
ITM5219,19,B,1
ITM6130,19,B,1
ITM5584,19,B,1
ITM5094,19,B,1
ITM3095,19,B,1
ITM6052,19,B,1
ITM5487,19,B,1
ITM2240,19,B,1
ITM5826,19,B,1
ITM5603,19,B,1
ITM5041,18,B,1
ITM5847,18,B,1
ITM5655,18,B,1
ITM5797,18,B,1
ITM6161,18,B,1
ITM5771,18,B,1
ITM1483,18,B,1
ITM2603,18,B,1
ITM5658,18,B,1
ITM6261,18,B,1
ITM2890,18,B,1
ITM1167,18,B,1
ITM5878,18,B,1
ITM6702,18,B,1
ITM2019,18,B,1
ITM3208,18,B,1
ITM761,18,B,1
ITM2039,18,B,1
ITM6055,18,B,1
ITM6011,18,B,1
ITM6144,18,B,1
ITM5334,18,B,1
ITM6562,17,B,1
ITM6032,17,B,1
ITM838,17,B,1
ITM5835,17,B,1
ITM6625,17,B,1
ITM5774,17,B,1
ITM2416,17,B,1
ITM5951,17,B,1
ITM6327,17,B,1
ITM5725,17,B,1
ITM6099,17,B,1
ITM5544,17,B,1
ITM5333,17,B,1
ITM360,17,B,1
ITM6359,17,B,1
ITM2316,17,B,1
ITM5702,17,B,1
ITM661,17,B,1
ITM33,17,B,1
ITM1040,17,B,1
ITM5261,17,B,1
ITM6085,17,B,1
ITM794,17,B,1
ITM6651,17,B,1
ITM5297,17,B,1
ITM1385,17,B,1
ITM1886,17,B,1
ITM177,17,B,1
ITM6269,17,B,1
ITM3898,17,B,1
ITM1931,17,B,1
ITM1904,17,B,1
ITM6286,16,B,1
ITM5283,16,B,1
ITM6655,16,B,1
ITM5679,16,B,1
ITM5727,16,B,1
ITM5816,16,B,1
ITM1866,16,B,1
ITM5044,16,B,1
ITM5815,16,B,1
ITM153,16,B,1
ITM5173,16,B,1
ITM2471,16,B,1
ITM5042,16,B,1
ITM2432,16,B,1
ITM1816,16,B,1
ITM6274,16,B,1
ITM5937,16,B,1
ITM6255,16,B,1
ITM5551,16,B,1
ITM5185,16,B,1
ITM5525,16,B,1
ITM6068,16,B,1
ITM3205,16,B,1
ITM1041,16,B,1
ITM6266,16,B,1
ITM31,16,B,1
ITM5509,15,B,1
ITM2982,15,B,1
ITM908,15,B,1
ITM6629,15,B,1
ITM5488,15,B,1
ITM2753,15,B,1
ITM6060,15,B,1
ITM6523,15,B,1
ITM6401,15,B,1
ITM5656,15,B,1
ITM2628,15,B,1
ITM247,15,B,1
ITM5106,15,B,1
ITM5608,15,B,1
ITM951,15,B,1
ITM5711,15,B,1
ITM1637,15,B,1
ITM1321,15,B,1
ITM6466,15,B,1
ITM6330,15,B,1
ITM2035,15,B,1
ITM703,15,B,1
ITM6603,15,B,1
ITM5997,15,B,1
ITM6279,15,B,1
ITM6516,15,B,1
ITM6590,15,B,1
ITM5880,15,B,1
ITM5190,15,B,1
ITM486,15,B,1
ITM66,15,B,1
ITM5750,15,B,1
ITM1043,15,B,1
ITM5925,15,B,1
ITM5310,15,B,1
ITM5710,14,B,1
ITM6008,14,B,1
ITM173,14,B,1
ITM2441,14,B,1
ITM5980,14,B,1
ITM5879,14,B,1
ITM3134,14,B,1
ITM5192,14,B,1
ITM5392,14,B,1
ITM5197,14,B,1
ITM5496,14,B,1
ITM2275,14,B,1
ITM6283,14,B,1
ITM6304,14,B,1
ITM6715,14,B,1
ITM6120,14,B,1
ITM5789,14,B,1
ITM1585,14,B,1
ITM563,14,B,1
ITM6648,14,B,1
ITM5033,14,B,1
ITM2483,14,B,1
ITM6795,14,B,1
ITM6642,14,B,1
ITM6821,14,B,1
ITM2754,14,B,1
ITM2618,14,B,1
ITM5567,14,B,1
ITM6126,14,B,1
ITM5024,14,B,1
ITM510,14,B,1
ITM5892,13,B,1
ITM484,13,B,1
ITM5553,13,B,1
ITM5706,13,B,1
ITM1017,13,B,1
ITM1897,13,B,1
ITM333,13,B,1
ITM813,13,B,1
ITM5673,13,B,1
ITM6391,13,B,1
ITM5189,13,B,1
ITM5989,13,B,1
ITM5742,13,B,1
ITM5325,13,B,1
ITM5926,13,B,1
ITM1443,13,B,1
ITM5751,13,B,1
ITM5933,13,B,1
ITM1638,13,B,1
ITM6253,13,B,1
ITM2977,13,B,1
ITM828,13,B,1
ITM917,13,B,1
ITM2049,13,B,1
ITM5260,13,B,1
ITM2017,13,B,1
ITM2642,13,B,1
ITM5526,13,B,1
ITM5263,13,B,1
ITM1334,13,B,1
ITM5209,13,B,1
ITM1031,13,B,1
ITM5850,13,B,1
ITM5705,13,B,1
ITM6181,13,B,1
ITM5865,13,B,1
ITM6484,13,B,1
ITM3025,13,B,1
ITM5758,13,B,1
ITM1995,13,B,1
ITM6597,13,B,1
ITM6405,13,B,1
ITM5633,13,B,1
ITM5490,13,B,1
ITM1709,13,B,1
ITM5682,13,B,1
ITM6887,13,B,1
ITM6256,13,B,1
ITM5918,13,B,1
ITM6955,13,B,1
ITM6517,13,B,1
ITM5557,13,B,1
ITM171,13,B,1
ITM5852,13,B,1
ITM151,12,B,1
ITM6288,12,B,1
ITM5181,12,B,1
ITM5657,12,B,1
ITM740,12,B,1
ITM5319,12,B,1
ITM5049,12,B,1
ITM6698,12,B,1
ITM3180,12,B,1
ITM6038,12,B,1
ITM1635,12,B,1
ITM3253,12,B,1
ITM5559,12,B,1
ITM5729,12,B,1
ITM6598,12,B,1
ITM5081,12,B,1
ITM533,12,B,1
ITM5662,12,B,1
ITM1980,12,B,1
ITM6110,12,B,1
ITM2150,12,B,1
ITM1117,12,B,1
ITM6029,12,B,1
ITM6012,12,B,1
ITM342,12,B,1
ITM1861,12,B,1
ITM1871,12,B,1
ITM5322,12,B,1
ITM6307,12,B,1
ITM5129,12,B,1
ITM5873,12,B,1
ITM5132,12,B,1
ITM1643,12,B,1
ITM5893,12,B,1
ITM1913,12,B,1
ITM6146,12,B,1
ITM6390,12,B,1
ITM5320,12,B,1
ITM6145,12,B,1
ITM5048,12,B,1
ITM5292,12,B,1
ITM3258,12,B,1
ITM269,12,B,1
ITM2711,12,B,1
ITM5548,12,B,1
ITM5202,12,B,1
ITM5935,12,B,1
ITM489,12,B,1
ITM5757,12,B,1
ITM5254,11,C,1
ITM498,11,C,1
ITM6705,11,C,1
ITM1993,11,C,1
ITM5232,11,C,1
ITM6063,11,C,1
ITM790,11,C,1
ITM5191,11,C,1
ITM5792,11,C,1
ITM4497,11,C,1
ITM1700,11,C,1
ITM6180,11,C,1
ITM6353,11,C,1
ITM6468,11,C,1
ITM1422,11,C,1
ITM992,11,C,1
ITM5704,11,C,1
ITM5215,11,C,1
ITM1295,11,C,1
ITM6272,11,C,1
ITM5636,11,C,1
ITM2572,11,C,1
ITM5039,11,C,1
ITM5347,11,C,1
ITM6602,11,C,1
ITM5829,11,C,1
ITM1076,11,C,1
ITM1338,11,C,1
ITM5583,11,C,1
ITM6053,11,C,1
ITM6335,11,C,1
ITM2682,11,C,1
ITM382,11,C,1
ITM6420,11,C,1
ITM5817,11,C,1
ITM5199,11,C,1
ITM5719,11,C,1
ITM6331,11,C,1
ITM5135,11,C,1
ITM2239,11,C,1
ITM3269,11,C,1
ITM1660,11,C,1
ITM5613,11,C,1
ITM2281,11,C,1
ITM6342,11,C,1
ITM5430,11,C,1
ITM3335,11,C,1
ITM5900,11,C,1
ITM1342,11,C,1
ITM72,11,C,1
ITM2659,11,C,1
ITM5216,11,C,1
ITM733,11,C,1
ITM1903,11,C,1
ITM947,11,C,1
ITM347,11,C,1
ITM162,11,C,1
ITM6522,11,C,1
ITM5246,11,C,1
ITM5838,11,C,1
ITM6595,11,C,1
ITM937,11,C,1
ITM5654,11,C,1
ITM6250,11,C,1
ITM1868,11,C,1
ITM6336,11,C,1
ITM5840,11,C,1
ITM6363,10,C,1
ITM6132,10,C,1
ITM1732,10,C,1
ITM1194,10,C,1
ITM5563,10,C,1
ITM6260,10,C,1
ITM5895,10,C,1
ITM6007,10,C,1
ITM998,10,C,1
ITM1822,10,C,1
ITM1206,10,C,1
ITM5463,10,C,1
ITM2976,10,C,1
ITM6502,10,C,1
ITM6462,10,C,1
ITM3731,10,C,1
ITM5735,10,C,1
ITM3207,10,C,1
ITM4471,10,C,1
ITM1377,10,C,1
ITM6160,10,C,1
ITM5756,10,C,1
ITM839,10,C,1
ITM5971,10,C,1
ITM61,10,C,1
ITM6487,10,C,1
ITM1439,10,C,1
ITM2558,10,C,1
ITM5629,10,C,1
ITM5453,10,C,1
ITM5141,10,C,1
ITM6988,10,C,1
ITM612,10,C,1
ITM5213,10,C,1
ITM2291,10,C,1
ITM5068,10,C,1
ITM3364,10,C,1
ITM1369,10,C,1
ITM338,10,C,1
ITM2516,10,C,1
ITM6103,10,C,1
ITM6532,10,C,1
ITM451,10,C,1
ITM6176,10,C,1
ITM6340,10,C,1
ITM2227,10,C,1
ITM1974,10,C,1
ITM3757,10,C,1
ITM1537,10,C,1
ITM79,10,C,1
ITM5323,10,C,1
ITM5968,10,C,1
ITM6886,10,C,1
ITM6059,9,C,1
ITM5953,9,C,1
ITM5977,9,C,1
ITM5069,9,C,1
ITM6501,9,C,1
ITM1814,9,C,1
ITM5566,9,C,1
ITM294,9,C,1
ITM5550,9,C,1
ITM2513,9,C,1
ITM4466,9,C,1
ITM5040,9,C,1
ITM6223,9,C,1
ITM5293,9,C,1
ITM1966,9,C,1
ITM3390,9,C,1
ITM5201,9,C,1
ITM5731,9,C,1
ITM5298,9,C,1
ITM3759,9,C,1
ITM5597,9,C,1
ITM5814,9,C,1
ITM4116,9,C,1
ITM537,9,C,1
ITM5196,9,C,1
ITM5237,9,C,1
ITM6506,9,C,1
ITM5688,9,C,1
ITM6259,9,C,1
ITM42,9,C,1
ITM6277,9,C,1
ITM5481,9,C,1
ITM1397,9,C,1
ITM6512,9,C,1
ITM6000,9,C,1
ITM6547,9,C,1
ITM6775,9,C,1
ITM2309,9,C,1
ITM87,9,C,1
ITM938,9,C,1
ITM2667,9,C,1
ITM2387,9,C,1
ITM5858,9,C,1
ITM3268,9,C,1
ITM768,9,C,1
ITM5174,9,C,1
ITM6344,9,C,1
ITM1679,9,C,1
ITM5386,9,C,1
ITM6388,9,C,1
ITM6611,9,C,1
ITM6257,9,C,1
ITM6035,9,C,1
ITM3022,9,C,1
ITM6511,9,C,1
ITM2123,8,C,1
ITM6282,8,C,1
ITM6677,8,C,1
ITM5389,8,C,1
ITM5238,8,C,1
ITM160,8,C,1
ITM3076,8,C,1
ITM6714,8,C,1
ITM5291,8,C,1
ITM86,8,C,1
ITM2632,8,C,1
ITM363,8,C,1
ITM6004,8,C,1
ITM6666,8,C,1
ITM5917,8,C,1
ITM5874,8,C,1
ITM1862,8,C,1
ITM5365,8,C,1
ITM5788,8,C,1
ITM5661,8,C,1
ITM2161,8,C,1
ITM6529,8,C,1
ITM6413,8,C,1
ITM6755,8,C,1
ITM5881,8,C,1
ITM5570,8,C,1
ITM5391,8,C,1
ITM1606,8,C,1
ITM5678,8,C,1
ITM2854,8,C,1
ITM2515,8,C,1
ITM1157,8,C,1
ITM5447,8,C,1
ITM288,8,C,1
ITM388,8,C,1
ITM517,8,C,1
ITM3330,8,C,1
ITM5524,8,C,1
ITM2559,8,C,1
ITM6524,8,C,1
ITM6498,8,C,1
ITM5631,8,C,1
ITM5929,8,C,1
ITM5896,8,C,1
ITM6022,8,C,1
ITM6122,8,C,1
ITM670,8,C,1
ITM5944,8,C,1
ITM6441,8,C,1
ITM1255,8,C,1
ITM6149,8,C,1
ITM1762,8,C,1
ITM6019,8,C,1
ITM2206,8,C,1
ITM1821,8,C,1
ITM6525,8,C,1
ITM5930,8,C,1
ITM1684,8,C,1
ITM5590,8,C,1
ITM5868,8,C,1
ITM6744,8,C,1
ITM5495,8,C,1
ITM6222,8,C,1
ITM3237,8,C,1
ITM1362,8,C,1
ITM772,8,C,1
ITM6010,8,C,1
ITM6578,8,C,1
ITM1480,8,C,1
ITM3333,8,C,1
ITM2061,8,C,1
ITM4044,8,C,1
ITM1699,8,C,1
ITM3383,8,C,1
ITM501,8,C,1
ITM746,8,C,1
ITM5088,8,C,1
ITM5891,8,C,1
ITM6435,8,C,1
ITM997,8,C,1
ITM3241,8,C,1
ITM5278,8,C,1
ITM1415,7,C,1
ITM17,7,C,1
ITM5871,7,C,1
ITM5712,7,C,1
ITM5707,7,C,1
ITM5089,7,C,1
ITM1246,7,C,1
ITM6097,7,C,1
ITM3319,7,C,1
ITM5387,7,C,1
ITM6824,7,C,1
ITM6513,7,C,1
ITM2311,7,C,1
ITM5759,7,C,1
ITM6879,7,C,1
ITM1402,7,C,1
ITM5961,7,C,1
ITM6630,7,C,1
ITM2680,7,C,1
ITM6221,7,C,1
ITM6476,7,C,1
ITM5062,7,C,1
ITM5999,7,C,1
ITM6750,7,C,1
ITM5906,7,C,1
ITM249,7,C,1
ITM5118,7,C,1
ITM622,7,C,1
ITM6704,7,C,1
ITM5853,7,C,1
ITM6552,7,C,1
ITM5614,7,C,1
ITM505,7,C,1
ITM6703,7,C,1
ITM5198,7,C,1
ITM253,7,C,1
ITM6673,7,C,1
ITM6878,7,C,1
ITM5436,7,C,1
ITM1325,7,C,1
ITM5390,7,C,1
ITM2561,7,C,1
ITM5609,7,C,1
ITM68,7,C,1
ITM1423,7,C,1
ITM1640,7,C,1
ITM2369,7,C,1
ITM1288,7,C,1
ITM2785,7,C,1
ITM6542,7,C,1
ITM2570,7,C,1
ITM6541,7,C,1
ITM6273,7,C,1
ITM6527,7,C,1
ITM5606,7,C,1
ITM6528,7,C,1
ITM1975,7,C,1
ITM1251,7,C,1
ITM1195,7,C,1
ITM4192,7,C,1
ITM5942,7,C,1
ITM279,7,C,1
ITM1059,7,C,1
ITM3274,7,C,1
ITM6967,7,C,1
ITM5931,7,C,1
ITM5569,7,C,1
ITM6706,7,C,1
ITM769,7,C,1
ITM5862,7,C,1
ITM6278,7,C,1
ITM639,7,C,1
ITM3231,7,C,1
ITM1678,7,C,1
ITM6370,7,C,1
ITM6583,7,C,1
ITM6684,7,C,1
ITM1949,7,C,1
ITM6540,7,C,1
ITM5221,7,C,1
ITM6362,7,C,1
ITM6555,7,C,1
ITM863,7,C,1
ITM2051,6,C,1
ITM3141,6,C,1
ITM6535,6,C,1
ITM6628,6,C,1
ITM750,6,C,1
ITM4033,6,C,1
ITM2254,6,C,1
ITM2046,6,C,1
ITM5927,6,C,1
ITM5685,6,C,1
ITM5032,6,C,1
ITM1032,6,C,1
ITM5887,6,C,1
ITM5839,6,C,1
ITM6354,6,C,1
ITM2125,6,C,1
ITM5573,6,C,1
ITM5316,6,C,1
ITM6347,6,C,1
ITM5916,6,C,1
ITM1824,6,C,1
ITM2314,6,C,1
ITM5482,6,C,1
ITM5722,6,C,1
ITM5469,6,C,1
ITM5100,6,C,1
ITM6581,6,C,1
ITM5053,6,C,1
ITM2058,6,C,1
ITM379,6,C,1
ITM6623,6,C,1
ITM6799,6,C,1
ITM6805,6,C,1
ITM6105,6,C,1
ITM6989,6,C,1
ITM5258,6,C,1
ITM6530,6,C,1
ITM6361,6,C,1
ITM6148,6,C,1
ITM1538,6,C,1
ITM5941,6,C,1
ITM6492,6,C,1
ITM5256,6,C,1
ITM5669,6,C,1
ITM5308,6,C,1
ITM5560,6,C,1
ITM6539,6,C,1
ITM5684,6,C,1
ITM2090,6,C,1
ITM748,6,C,1
ITM6147,6,C,1
ITM2450,6,C,1
ITM5802,6,C,1
ITM5180,6,C,1
ITM2485,6,C,1
ITM6133,6,C,1
ITM6685,6,C,1
ITM909,6,C,1
ITM10,6,C,1
ITM1318,6,C,1
ITM2931,6,C,1
ITM5109,6,C,1
ITM5898,6,C,1
ITM6640,6,C,1
ITM536,6,C,1
ITM2288,6,C,1
ITM3348,6,C,1
ITM5856,6,C,1
ITM457,6,C,1
ITM1277,6,C,1
ITM476,6,C,1
ITM6538,6,C,1
ITM4150,6,C,1
ITM5123,6,C,1
ITM2453,6,C,1
ITM2098,6,C,1
ITM6407,6,C,1
ITM5576,6,C,1
ITM204,6,C,1
ITM827,6,C,1
ITM5863,6,C,1
ITM660,6,C,1
ITM6275,6,C,1
ITM1721,6,C,1
ITM3238,6,C,1
ITM3924,6,C,1
ITM6713,6,C,1
ITM5384,6,C,1
ITM6589,6,C,1
ITM4035,6,C,1
ITM5686,6,C,1
ITM6643,6,C,1
ITM4600,6,C,1
ITM5872,6,C,1
ITM5973,6,C,1
ITM582,6,C,1
ITM2934,6,C,1
ITM6771,6,C,1
ITM5674,6,C,1
ITM3621,6,C,1
ITM6159,6,C,1
ITM6254,6,C,1
ITM6170,6,C,1
ITM1857,6,C,1
ITM6823,6,C,1
ITM5964,6,C,1
ITM3331,6,C,1
ITM600,6,C,1
ITM234,6,C,1
ITM5441,6,C,1
ITM6034,6,C,1
ITM4095,6,C,1
ITM6551,6,C,1
ITM6636,6,C,1
ITM5479,6,C,1
ITM5265,6,C,1
ITM6680,5,C,1
ITM4066,5,C,1
ITM6481,5,C,1
ITM5204,5,C,1
ITM5591,5,C,1
ITM2208,5,C,1
ITM4092,5,C,1
ITM202,5,C,1
ITM4101,5,C,1
ITM5799,5,C,1
ITM5676,5,C,1
ITM5992,5,C,1
ITM5819,5,C,1
ITM6515,5,C,1
ITM1942,5,C,1
ITM2750,5,C,1
ITM662,5,C,1
ITM611,5,C,1
ITM5146,5,C,1
ITM2788,5,C,1
ITM1967,5,C,1
ITM6748,5,C,1
ITM2415,5,C,1
ITM375,5,C,1
ITM916,5,C,1
ITM6876,5,C,1
ITM3227,5,C,1
ITM5984,5,C,1
ITM1859,5,C,1
ITM5565,5,C,1
ITM325,5,C,1
ITM3897,5,C,1
ITM6067,5,C,1
ITM1164,5,C,1
ITM1792,5,C,1
ITM3350,5,C,1
ITM1126,5,C,1
ITM1513,5,C,1
ITM5734,5,C,1
ITM210,5,C,1
ITM559,5,C,1
ITM5491,5,C,1
ITM5634,5,C,1
ITM6536,5,C,1
ITM591,5,C,1
ITM2756,5,C,1
ITM6111,5,C,1
ITM5889,5,C,1
ITM181,5,C,1
ITM2739,5,C,1
ITM6945,5,C,1
ITM6612,5,C,1
ITM5381,5,C,1
ITM502,5,C,1
ITM5960,5,C,1
ITM6396,5,C,1
ITM5093,5,C,1
ITM5339,5,C,1
ITM6505,5,C,1
ITM2034,5,C,1
ITM5855,5,C,1
ITM6271,5,C,1
ITM5459,5,C,1
ITM5082,5,C,1
ITM2939,5,C,1
ITM2328,5,C,1
ITM5264,5,C,1
ITM5866,5,C,1
ITM5300,5,C,1
ITM1517,5,C,1
ITM3249,5,C,1
ITM5897,5,C,1
ITM2071,5,C,1
ITM2514,5,C,1
ITM6730,5,C,1
ITM2413,5,C,1
ITM5492,5,C,1
ITM6645,5,C,1
ITM282,5,C,1
ITM1759,5,C,1
ITM5884,5,C,1
ITM5888,5,C,1
ITM809,5,C,1
ITM1690,5,C,1
ITM5607,5,C,1
ITM6803,5,C,1
ITM5849,5,C,1
ITM5787,5,C,1
ITM5824,5,C,1
ITM2687,5,C,1
ITM5602,5,C,1
ITM5638,5,C,1
ITM6657,5,C,1
ITM6620,5,C,1
ITM5907,5,C,1
ITM36,5,C,1
ITM6658,5,C,1
ITM6694,5,C,1
ITM6785,5,C,1
ITM5955,5,C,1
ITM2301,5,C,1
ITM5588,5,C,1
ITM5531,5,C,1
ITM526,5,C,1
ITM6742,5,C,1
ITM6424,5,C,1
ITM2507,5,C,1
ITM2401,5,C,1
ITM4214,5,C,1
ITM6158,5,C,1
ITM463,5,C,1
ITM2964,5,C,1
ITM6115,5,C,1
ITM5429,5,C,1
ITM5253,5,C,1
ITM1724,5,C,1
ITM6140,5,C,1
ITM1006,5,C,1
ITM6456,5,C,1
ITM5061,5,C,1
ITM1449,5,C,1
ITM6457,5,C,1
ITM950,5,C,1
ITM804,5,C,1
ITM6747,5,C,1
ITM5818,5,C,1
ITM6700,5,C,1
ITM5117,5,C,1
ITM1512,5,C,1
ITM5179,5,C,1
ITM2560,5,C,1
ITM6002,5,C,1
ITM6743,5,C,1
ITM6072,5,C,1
ITM49,5,C,1
ITM729,4,C,1
ITM2117,4,C,1
ITM6451,4,C,1
ITM5959,4,C,1
ITM3159,4,C,1
ITM523,4,C,1
ITM372,4,C,1
ITM1451,4,C,1
ITM6545,4,C,1
ITM5332,4,C,1
ITM6798,4,C,1
ITM2838,4,C,1
ITM5958,4,C,1
ITM2329,4,C,1
ITM566,4,C,1
ITM167,4,C,1
ITM6561,4,C,1
ITM507,4,C,1
ITM5795,4,C,1
ITM186,4,C,1
ITM1946,4,C,1
ITM6701,4,C,1
ITM5649,4,C,1
ITM4552,4,C,1
ITM6699,4,C,1
ITM1489,4,C,1
ITM2403,4,C,1
ITM6681,4,C,1
ITM779,4,C,1
ITM5405,4,C,1
ITM6746,4,C,1
ITM5535,4,C,1
ITM5965,4,C,1
ITM5555,4,C,1
ITM284,4,C,1
ITM6768,4,C,1
ITM6251,4,C,1
ITM1486,4,C,1
ITM5225,4,C,1
ITM2716,4,C,1
ITM1034,4,C,1
ITM6469,4,C,1
ITM6121,4,C,1
ITM6745,4,C,1
ITM6546,4,C,1
ITM5996,4,C,1
ITM2260,4,C,1
ITM6150,4,C,1
ITM5666,4,C,1
ITM1673,4,C,1
ITM1706,4,C,1
ITM5691,4,C,1
ITM5709,4,C,1
ITM2252,4,C,1
ITM6070,4,C,1
ITM6929,4,C,1
ITM5811,4,C,1
ITM5540,4,C,1
ITM1490,4,C,1
ITM6227,4,C,1
ITM5923,4,C,1
ITM6373,4,C,1
ITM6295,4,C,1
ITM739,4,C,1
ITM1969,4,C,1
ITM1908,4,C,1
ITM460,4,C,1
ITM568,4,C,1
ITM6036,4,C,1
ITM6883,4,C,1
ITM6622,4,C,1
ITM1718,4,C,1
ITM5675,4,C,1
ITM98,4,C,1
ITM6787,4,C,1
ITM6584,4,C,1
ITM858,4,C,1
ITM2505,4,C,1
ITM5577,4,C,1
ITM1252,4,C,1
ITM1657,4,C,1
ITM2627,4,C,1
ITM6406,4,C,1
ITM3247,4,C,1
ITM3211,4,C,1
ITM6439,4,C,1
ITM233,4,C,1
ITM2573,4,C,1
ITM6741,4,C,1
ITM5681,4,C,1
ITM5247,4,C,1
ITM1159,4,C,1
ITM1642,4,C,1
ITM5975,4,C,1
ITM5130,4,C,1
ITM1558,4,C,1
ITM5312,4,C,1
ITM6754,4,C,1
ITM5410,4,C,1
ITM1291,4,C,1
ITM3739,4,C,1
ITM6574,4,C,1
ITM5063,4,C,1
ITM1382,4,C,1
ITM1438,4,C,1
ITM1437,4,C,1
ITM5683,4,C,1
ITM5541,4,C,1
ITM6119,4,C,1
ITM6100,4,C,1
ITM3945,4,C,1
ITM6258,4,C,1
ITM2152,4,C,1
ITM5913,4,C,1
ITM4188,4,C,1
ITM5275,4,C,1
ITM6576,4,C,1
ITM1400,4,C,1
ITM4570,4,C,1
ITM6168,4,C,1
ITM6554,4,C,1
ITM5054,4,C,1
ITM926,4,C,1
ITM1617,4,C,1
ITM5267,4,C,1
ITM5037,4,C,1
ITM5248,4,C,1
ITM5768,4,C,1
ITM2984,4,C,1
ITM5366,4,C,1
ITM765,4,C,1
ITM6783,4,C,1
ITM630,4,C,1
ITM6683,4,C,1
ITM2092,4,C,1
ITM6764,4,C,1
ITM5543,4,C,1
ITM5976,4,C,1
ITM6672,4,C,1
ITM340,4,C,1
ITM4087,4,C,1
ITM6761,4,C,1
ITM2154,4,C,1
ITM246,4,C,1
ITM5963,4,C,1
ITM6560,4,C,1
ITM2452,4,C,1
ITM6952,4,C,1
ITM6404,4,C,1
ITM3858,4,C,1
ITM5060,4,C,1
ITM752,4,C,1
ITM312,4,C,1
ITM6238,4,C,1
ITM5755,4,C,1
ITM6009,4,C,1
ITM5534,4,C,1
ITM2770,4,C,1
ITM1688,4,C,1
ITM567,4,C,1
ITM5820,4,C,1
ITM5910,4,C,1
ITM2693,4,C,1
ITM6030,4,C,1
ITM598,4,C,1
ITM6671,4,C,1
ITM4205,4,C,1
ITM6499,4,C,1
ITM5051,4,C,1
ITM5595,4,C,1
ITM5708,4,C,1
ITM1683,4,C,1
ITM5085,4,C,1
ITM3170,4,C,1
ITM2747,4,C,1
ITM5144,4,C,1
ITM2781,4,C,1
ITM4117,4,C,1
ITM6959,4,C,1
ITM6749,4,C,1
ITM5752,4,C,1
ITM6386,4,C,1
ITM5380,4,C,1
ITM5882,4,C,1
ITM235,4,C,1
ITM6617,4,C,1
ITM556,4,C,1
ITM521,3,C,1
ITM2774,3,C,1
ITM5823,3,C,1
ITM6993,3,C,1
ITM5411,3,C,1
ITM2399,3,C,1
ITM4124,3,C,1
ITM40,3,C,1
ITM2746,3,C,1
ITM6709,3,C,1
ITM3218,3,C,1
ITM5036,3,C,1
ITM95,3,C,1
ITM5537,3,C,1
ITM3939,3,C,1
ITM6299,3,C,1
ITM5371,3,C,1
ITM1539,3,C,1
ITM5462,3,C,1
ITM3697,3,C,1
ITM6360,3,C,1
ITM2504,3,C,1
ITM3259,3,C,1
ITM6553,3,C,1
ITM5718,3,C,1
ITM6786,3,C,1
ITM6757,3,C,1
ITM1363,3,C,1
ITM2475,3,C,1
ITM820,3,C,1
ITM948,3,C,1
ITM170,3,C,1
ITM5730,3,C,1
ITM5355,3,C,1
ITM6556,3,C,1
ITM5079,3,C,1
ITM5945,3,C,1
ITM38,3,C,1
ITM5556,3,C,1
ITM490,3,C,1
ITM6518,3,C,1
ITM3762,3,C,1
ITM5843,3,C,1
ITM5554,3,C,1
ITM2009,3,C,1
ITM5372,3,C,1
ITM3204,3,C,1
ITM2631,3,C,1
ITM6074,3,C,1
ITM5456,3,C,1
ITM5245,3,C,1
ITM6297,3,C,1
ITM6880,3,C,1
ITM6873,3,C,1
ITM5066,3,C,1
ITM5498,3,C,1
ITM6544,3,C,1
ITM2361,3,C,1
ITM3853,3,C,1
ITM5615,3,C,1
ITM3949,3,C,1
ITM6619,3,C,1
ITM6403,3,C,1
ITM6825,3,C,1
ITM592,3,C,1
ITM3922,3,C,1
ITM5713,3,C,1
ITM668,3,C,1
ITM6243,3,C,1
ITM4424,3,C,1
ITM5538,3,C,1
ITM2851,3,C,1
ITM5475,3,C,1
ITM3791,3,C,1
ITM6200,3,C,1
ITM5979,3,C,1
ITM6023,3,C,1
ITM3186,3,C,1
ITM5103,3,C,1
ITM3201,3,C,1
ITM5239,3,C,1
ITM6759,3,C,1
ITM3764,3,C,1
ITM5342,3,C,1
ITM5915,3,C,1
ITM2824,3,C,1
ITM5021,3,C,1
ITM6751,3,C,1
ITM2259,3,C,1
ITM6104,3,C,1
ITM775,3,C,1
ITM6668,3,C,1
ITM6376,3,C,1
ITM2894,3,C,1
ITM3385,3,C,1
ITM5420,3,C,1
ITM4550,3,C,1
ITM6101,3,C,1
ITM5122,3,C,1
ITM5262,3,C,1
ITM6491,3,C,1
ITM5038,3,C,1
ITM6842,3,C,1
ITM6686,3,C,1
ITM6789,3,C,1
ITM6228,3,C,1
ITM5241,3,C,1
ITM3049,3,C,1
ITM587,3,C,1
ITM4056,3,C,1
ITM6108,3,C,1
ITM5172,3,C,1
ITM5251,3,C,1
ITM7000,3,C,1
ITM3414,3,C,1
ITM3944,3,C,1
ITM303,3,C,1
ITM3362,3,C,1
ITM6037,3,C,1
ITM5885,3,C,1
ITM565,3,C,1
ITM2912,3,C,1
ITM952,3,C,1
ITM6459,3,C,1
ITM666,3,C,1
ITM5383,3,C,1
ITM3875,3,C,1
ITM5404,3,C,1
ITM819,3,C,1
ITM2717,3,C,1
ITM4529,3,C,1
ITM6549,3,C,1
ITM6024,3,C,1
ITM6486,3,C,1
ITM5717,3,C,1
ITM2863,3,C,1
ITM4022,3,C,1
ITM6605,3,C,1
ITM6826,3,C,1
ITM3209,3,C,1
ITM3814,3,C,1
ITM1544,3,C,1
ITM5363,3,C,1
ITM5388,3,C,1
ITM5050,3,C,1
ITM6772,3,C,1
ITM197,3,C,1
ITM5368,3,C,1
ITM730,3,C,1
ITM3248,3,C,1
ITM6837,3,C,1
ITM6455,3,C,1
ITM551,3,C,1
ITM1586,3,C,1
ITM5943,3,C,1
ITM4078,3,C,1
ITM5126,3,C,1
ITM5950,3,C,1
ITM6802,3,C,1
ITM6225,3,C,1
ITM3363,3,C,1
ITM6268,3,C,1
ITM56,3,C,1
ITM6232,3,C,1
ITM2959,3,C,1
ITM5408,3,C,1
ITM984,3,C,1
ITM6557,3,C,1
ITM511,3,C,1
ITM6627,3,C,1
ITM923,3,C,1
ITM1440,3,C,1
ITM927,3,C,1
ITM1840,3,C,1
ITM5290,3,C,1
ITM1820,3,C,1
ITM302,3,C,1
ITM6368,3,C,1
ITM2442,3,C,1
ITM724,3,C,1
ITM5195,3,C,1
ITM6829,3,C,1
ITM100,3,C,1
ITM2720,3,C,1
ITM7004,3,C,1
ITM5134,3,C,1
ITM53,3,C,1
ITM5464,3,C,1
ITM5426,3,C,1
ITM6613,3,C,1
ITM1841,3,C,1
ITM671,3,C,1
ITM3075,3,C,1
ITM6600,3,C,1
ITM5589,3,C,1
ITM5562,3,C,1
ITM5330,3,C,1
ITM6813,3,C,1
ITM6490,3,C,1
ITM2672,3,C,1
ITM2116,3,C,1
ITM6872,3,C,1
ITM5440,3,C,1
ITM800,3,C,1
ITM6947,3,C,1
ITM5101,3,C,1
ITM2115,3,C,1
ITM1444,3,C,1
ITM6397,3,C,1
ITM5703,3,C,1
ITM310,3,C,1
ITM1247,3,C,1
ITM5558,3,C,1
ITM5978,3,C,1
ITM248,3,C,1
ITM1262,3,C,1
ITM6575,3,C,1
ITM6606,3,C,1
ITM5017,3,C,1
ITM5052,3,C,1
ITM2604,3,C,1
ITM6027,3,C,1
ITM6653,3,C,1
ITM6631,3,C,1
ITM669,3,C,1
ITM6814,3,C,1
ITM2119,3,C,1
ITM616,3,C,1
ITM936,3,C,1
ITM3202,3,C,1
ITM912,3,C,1
ITM6537,3,C,1
ITM1524,3,C,1
ITM6637,3,C,1
ITM1819,3,C,1
ITM2278,3,C,1
ITM1289,3,C,1
ITM3060,3,C,1
ITM844,3,C,1
ITM6308,3,C,1
ITM241,3,C,1
ITM5983,3,C,1
ITM5619,3,C,1
ITM5409,3,C,1
ITM985,3,C,1
ITM5471,3,C,1
ITM1898,3,C,1
ITM4476,3,C,1
ITM5974,3,C,1
ITM3291,3,C,1
ITM5724,3,C,1
ITM3620,3,C,1
ITM6840,3,C,1
ITM6665,3,C,1
ITM5335,3,C,1
ITM3181,3,C,1
ITM6303,3,C,1
ITM6774,3,C,1
ITM6378,3,C,1
ITM5952,3,C,1
ITM6003,3,C,1
ITM6646,3,C,1
ITM6169,3,C,1
ITM6446,3,C,1
ITM1860,3,C,1
ITM4094,3,C,1
ITM3935,3,C,1
ITM277,3,C,1
ITM6779,2,C,1
ITM943,2,C,1
ITM6375,2,C,1
ITM7002,2,C,1
ITM6780,2,C,1
ITM6383,2,C,1
ITM6494,2,C,1
ITM6233,2,C,1
ITM5601,2,C,1
ITM5452,2,C,1
ITM4473,2,C,1
ITM5886,2,C,1
ITM4032,2,C,1
ITM6663,2,C,1
ITM854,2,C,1
ITM1988,2,C,1
ITM5193,2,C,1
ITM2922,2,C,1
ITM3737,2,C,1
ITM6184,2,C,1
ITM5582,2,C,1
ITM6722,2,C,1
ITM5378,2,C,1
ITM6649,2,C,1
ITM6932,2,C,1
ITM1973,2,C,1
ITM4149,2,C,1
ITM1790,2,C,1
ITM5798,2,C,1
ITM6414,2,C,1
ITM2839,2,C,1
ITM89,2,C,1
ITM5605,2,C,1
ITM3943,2,C,1
ITM6731,2,C,1
ITM2784,2,C,1
ITM1316,2,C,1
ITM4077,2,C,1
ITM2679,2,C,1
ITM4256,2,C,1
ITM2151,2,C,1
ITM5458,2,C,1
ITM1384,2,C,1
ITM5340,2,C,1
ITM5785,2,C,1
ITM5114,2,C,1
ITM3878,2,C,1
ITM1968,2,C,1
ITM6693,2,C,1
ITM5445,2,C,1
ITM6185,2,C,1
ITM5859,2,C,1
ITM5083,2,C,1
ITM2864,2,C,1
ITM3864,2,C,1
ITM3950,2,C,1
ITM6978,2,C,1
ITM5947,2,C,1
ITM2691,2,C,1
ITM6205,2,C,1
ITM6339,2,C,1
ITM6493,2,C,1
ITM5966,2,C,1
ITM5382,2,C,1
ITM6127,2,C,1
ITM3735,2,C,1
ITM6106,2,C,1
ITM5175,2,C,1
ITM3281,2,C,1
ITM5902,2,C,1
ITM344,2,C,1
ITM2630,2,C,1
ITM4546,2,C,1
ITM5145,2,C,1
ITM3123,2,C,1
ITM6652,2,C,1
ITM1971,2,C,1
ITM3230,2,C,1
ITM4587,2,C,1
ITM5217,2,C,1
ITM1719,2,C,1
ITM5098,2,C,1
ITM849,2,C,1
ITM6252,2,C,1
ITM5473,2,C,1
ITM6659,2,C,1
ITM5255,2,C,1
ITM1610,2,C,1
ITM5470,2,C,1
ITM6577,2,C,1
ITM2907,2,C,1
ITM5212,2,C,1
ITM5434,2,C,1
ITM3803,2,C,1
ITM2055,2,C,1
ITM4100,2,C,1
ITM1416,2,C,1
ITM6839,2,C,1
ITM5512,2,C,1
ITM6333,2,C,1
ITM6615,2,C,1
ITM5226,2,C,1
ITM6996,2,C,1
ITM5533,2,C,1
ITM5805,2,C,1
ITM5343,2,C,1
ITM6939,2,C,1
ITM6752,2,C,1
ITM1002,2,C,1
ITM5401,2,C,1
ITM6203,2,C,1
ITM5568,2,C,1
ITM712,2,C,1
ITM6585,2,C,1
ITM6807,2,C,1
ITM5133,2,C,1
ITM2344,2,C,1
ITM5121,2,C,1
ITM6647,2,C,1
ITM4130,2,C,1
ITM821,2,C,1
ITM6712,2,C,1
ITM6514,2,C,1
ITM539,2,C,1
ITM3067,2,C,1
ITM5138,2,C,1
ITM3968,2,C,1
ITM631,2,C,1
ITM5376,2,C,1
ITM3246,2,C,1
ITM6707,2,C,1
ITM6765,2,C,1
ITM850,2,C,1
ITM5407,2,C,1
ITM2758,2,C,1
ITM5970,2,C,1
ITM6015,2,C,1
ITM6379,2,C,1
ITM2600,2,C,1
ITM6559,2,C,1
ITM6318,2,C,1
ITM759,2,C,1
ITM5477,2,C,1
ITM6838,2,C,1
ITM6915,2,C,1
ITM4125,2,C,1
ITM6236,2,C,1
ITM6604,2,C,1
ITM6114,2,C,1
ITM6305,2,C,1
ITM6550,2,C,1
ITM6941,2,C,1
ITM6991,2,C,1
ITM6758,2,C,1
ITM5641,2,C,1
ITM6900,2,C,1
ITM6322,2,C,1
ITM5778,2,C,1
ITM5450,2,C,1
ITM5985,2,C,1
ITM4106,2,C,1
ITM5360,2,C,1
ITM5954,2,C,1
ITM2038,2,C,1
ITM4675,2,C,1
ITM3232,2,C,1
ITM54,2,C,1
ITM3303,2,C,1
ITM5643,2,C,1
ITM2402,2,C,1
ITM6695,2,C,1
ITM5519,2,C,1
ITM5728,2,C,1
ITM6005,2,C,1
ITM6510,2,C,1
ITM5313,2,C,1
ITM81,2,C,1
ITM585,2,C,1
ITM5617,2,C,1
ITM6885,2,C,1
ITM6444,2,C,1
ITM5341,2,C,1
ITM5110,2,C,1
ITM5311,2,C,1
ITM6608,2,C,1
ITM5890,2,C,1
ITM5107,2,C,1
ITM2973,2,C,1
ITM1689,2,C,1
ITM913,2,C,1
ITM5096,2,C,1
ITM6224,2,C,1
ITM5370,2,C,1
ITM6503,2,C,1
ITM3122,2,C,1
ITM5460,2,C,1
ITM6292,2,C,1
ITM5991,2,C,1
ITM2319,2,C,1
ITM6721,2,C,1
ITM5314,2,C,1
ITM5303,2,C,1
ITM6656,2,C,1
ITM6845,2,C,1
ITM2414,2,C,1
ITM4545,2,C,1
ITM6762,2,C,1
ITM319,2,C,1
ITM2237,2,C,1
ITM518,2,C,1
ITM6926,2,C,1
ITM2225,2,C,1
ITM5428,2,C,1
ITM5124,2,C,1
ITM1125,2,C,1
ITM1168,2,C,1
ITM6760,2,C,1
ITM5956,2,C,1
ITM5552,2,C,1
ITM5435,2,C,1
ITM5018,2,C,1
ITM5904,2,C,1
ITM6508,2,C,1
ITM6791,2,C,1
ITM5578,2,C,1
ITM5875,2,C,1
ITM5732,2,C,1
ITM5422,2,C,1
ITM6877,2,C,1
ITM64,2,C,1
ITM2449,2,C,1
ITM2101,2,C,1
ITM3030,2,C,1
ITM6321,2,C,1
ITM3748,2,C,1
ITM5990,2,C,1
ITM5448,2,C,1
ITM5969,2,C,1
ITM5506,2,C,1
ITM5294,2,C,1
ITM2089,2,C,1
ITM5948,2,C,1
ITM5564,2,C,1
ITM4042,2,C,1
ITM5091,2,C,1
ITM6358,2,C,1
ITM5511,2,C,1
ITM3696,2,C,1
ITM4522,2,C,1
ITM5848,2,C,1
ITM6187,2,C,1
ITM5128,2,C,1
ITM1004,2,C,1
ITM5632,2,C,1
ITM2253,2,C,1
ITM1515,2,C,1
ITM5998,2,C,1
ITM1796,2,C,1
ITM6609,2,C,1
ITM2804,2,C,1
ITM51,2,C,1
ITM4082,2,C,1
ITM2012,2,C,1
ITM6818,2,C,1
ITM6794,2,C,1
ITM4506,2,C,1
ITM5625,2,C,1
ITM479,2,C,1
ITM771,2,C,1
ITM291,2,C,1
ITM5127,2,C,1
ITM5222,2,C,1
ITM5252,2,C,1
ITM6970,2,C,1
ITM6509,2,C,1
ITM6717,2,C,1
ITM1757,2,C,1
ITM6924,2,C,1
ITM6822,2,C,1
ITM4135,2,C,1
ITM5064,2,C,1
ITM207,2,C,1
ITM5034,2,C,1
ITM4540,2,C,1
ITM5854,2,C,1
ITM4583,2,C,1
ITM6921,2,C,1
ITM5367,2,C,1
ITM6313,2,C,1
ITM2124,2,C,1
ITM5446,2,C,1
ITM1514,2,C,1
ITM93,2,C,1
ITM554,2,C,1
ITM5580,2,C,1
ITM3154,2,C,1
ITM5539,2,C,1
ITM6830,2,C,1
ITM6788,2,C,1
ITM6670,2,C,1
ITM5517,2,C,1
ITM4070,2,C,1
ITM5845,2,C,1
ITM6811,2,C,1
ITM6220,2,C,1
ITM6287,2,C,1
ITM5571,2,C,1
ITM6425,2,C,1
ITM6727,2,C,1
ITM2768,2,C,1
ITM5478,2,C,1
ITM5604,2,C,1
ITM6632,2,C,1
ITM953,2,C,1
ITM6884,2,C,1
ITM5086,2,C,1
ITM5136,2,C,1
ITM5692,2,C,1
ITM3417,2,C,1
ITM2300,2,C,1
ITM3325,2,C,1
ITM6875,2,C,1
ITM6190,2,C,1
ITM1587,2,C,1
ITM6098,2,C,1
ITM855,2,C,1
ITM6324,2,C,1
ITM6196,2,C,1
ITM1380,2,C,1
ITM6193,2,C,1
ITM3741,2,C,1
ITM5549,2,C,1
ITM327,2,C,1
ITM6711,2,C,1
ITM5793,2,C,1
ITM4500,2,C,1
ITM1520,2,C,1
ITM6445,2,C,1
ITM842,2,C,1
ITM3073,2,C,1
ITM793,2,C,1
ITM2634,2,C,1
ITM6531,2,C,1
ITM6948,2,C,1
ITM3068,2,C,1
ITM6289,2,C,1
ITM2759,2,C,1
ITM6654,2,C,1
ITM5518,2,C,1
ITM6732,2,C,1
ITM6449,2,C,1
ITM2822,2,C,1
ITM808,2,C,1
ITM5986,2,C,1
ITM5670,2,C,1
ITM5377,2,C,1
ITM1077,2,C,1
ITM636,2,C,1
ITM5425,2,C,1
ITM46,2,C,1
ITM6017,2,C,1
ITM848,2,C,1
ITM6601,2,C,1
ITM2305,2,C,1
ITM6777,2,C,1
ITM6718,2,C,1
ITM1982,2,C,1
ITM5327,2,C,1
ITM5677,2,C,1
ITM6660,2,C,1
ITM6835,2,C,1
ITM6692,2,C,1
ITM5362,2,C,1
ITM2454,2,C,1
ITM6474,2,C,1
ITM574,2,C,1
ITM5967,2,C,1
ITM2755,2,C,1
ITM777,2,C,1
ITM2121,2,C,1
ITM1381,2,C,1
ITM5864,2,C,1
ITM5903,2,C,1
ITM2681,2,C,1
ITM4674,2,C,1
ITM5318,2,C,1
ITM2952,2,C,1
ITM448,2,C,1
ITM3066,2,C,1
ITM396,2,C,1
ITM3216,2,C,1
ITM4477,2,C,1
ITM5302,1,C,1
ITM5399,1,C,1
ITM5139,1,C,1
ITM5908,1,C,1
ITM714,1,C,1
ITM791,1,C,1
ITM6827,1,C,1
ITM6192,1,C,1
ITM5842,1,C,1
ITM6195,1,C,1
ITM5623,1,C,1
ITM6212,1,C,1
ITM6881,1,C,1
ITM3302,1,C,1
ITM70,1,C,1
ITM2666,1,C,1
ITM6782,1,C,1
ITM781,1,C,1
ITM3527,1,C,1
ITM5176,1,C,1
ITM6319,1,C,1
ITM6815,1,C,1
ITM6480,1,C,1
ITM6044,1,C,1
ITM6229,1,C,1
ITM1314,1,C,1
ITM5468,1,C,1
ITM5530,1,C,1
ITM6138,1,C,1
ITM2994,1,C,1
ITM2979,1,C,1
ITM5357,1,C,1
ITM6217,1,C,1
ITM6633,1,C,1
ITM6309,1,C,1
ITM2418,1,C,1
ITM6808,1,C,1
ITM6902,1,C,1
ITM5328,1,C,1
ITM5228,1,C,1
ITM6588,1,C,1
ITM3321,1,C,1
ITM5466,1,C,1
ITM6853,1,C,1
ITM5804,1,C,1
ITM5821,1,C,1
ITM6337,1,C,1
ITM3323,1,C,1
ITM5421,1,C,1
ITM6781,1,C,1
ITM6213,1,C,1
ITM6216,1,C,1
ITM2479,1,C,1
ITM4048,1,C,1
ITM5962,1,C,1
ITM6519,1,C,1
ITM4459,1,C,1
ITM5522,1,C,1
ITM5356,1,C,1
ITM6910,1,C,1
ITM5354,1,C,1
ITM4470,1,C,1
ITM5277,1,C,1
ITM5270,1,C,1
ITM84,1,C,1
ITM387,1,C,1
ITM5919,1,C,1
ITM5406,1,C,1
ITM2692,1,C,1
ITM6792,1,C,1
ITM1286,1,C,1
ITM6981,1,C,1
ITM6302,1,C,1
ITM741,1,C,1
ITM5813,1,C,1
ITM5398,1,C,1
ITM2023,1,C,1
ITM5223,1,C,1
ITM6736,1,C,1
ITM4558,1,C,1
ITM6325,1,C,1
ITM2889,1,C,1
ITM309,1,C,1
ITM5417,1,C,1
ITM3765,1,C,1
ITM5939,1,C,1
ITM6293,1,C,1
ITM6907,1,C,1
ITM4258,1,C,1
ITM3515,1,C,1
ITM6661,1,C,1
ITM6218,1,C,1
ITM851,1,C,1
ITM6294,1,C,1
ITM6377,1,C,1
ITM5345,1,C,1
ITM3997,1,C,1
ITM6793,1,C,1
ITM1046,1,C,1
ITM6323,1,C,1
ITM4134,1,C,1
ITM5476,1,C,1
ITM6831,1,C,1
ITM2880,1,C,1
ITM6836,1,C,1
ITM6982,1,C,1
ITM6733,1,C,1
ITM5637,1,C,1
ITM6143,1,C,1
ITM5946,1,C,1
ITM6954,1,C,1
ITM6962,1,C,1
ITM1727,1,C,1
ITM5306,1,C,1
ITM4072,1,C,1
ITM6638,1,C,1
ITM6999,1,C,1
ITM6667,1,C,1
ITM6206,1,C,1
ITM6726,1,C,1
ITM3619,1,C,1
ITM5427,1,C,1
ITM5274,1,C,1
ITM6533,1,C,1
ITM803,1,C,1
ITM5465,1,C,1
ITM5611,1,C,1
ITM6314,1,C,1
ITM3220,1,C,1
ITM6635,1,C,1
ITM6891,1,C,1
ITM6300,1,C,1
ITM6171,1,C,1
ITM6316,1,C,1
ITM6402,1,C,1
ITM6957,1,C,1
ITM6719,1,C,1
ITM5515,1,C,1
ITM1547,1,C,1
ITM3811,1,C,1
ITM5113,1,C,1
ITM1722,1,C,1
ITM3028,1,C,1
ITM6905,1,C,1
ITM6922,1,C,1
ITM6916,1,C,1
ITM5600,1,C,1
ITM6899,1,C,1
ITM3071,1,C,1
ITM4172,1,C,1
ITM6973,1,C,1
ITM5125,1,C,1
ITM6689,1,C,1
ITM5523,1,C,1
ITM5493,1,C,1
ITM4215,1,C,1
ITM6669,1,C,1
ITM5108,1,C,1
ITM5230,1,C,1
ITM5374,1,C,1
ITM6865,1,C,1
ITM6624,1,C,1
ITM6956,1,C,1
ITM5364,1,C,1
ITM4115,1,C,1
ITM2018,1,C,1
ITM6927,1,C,1
ITM6338,1,C,1
ITM6896,1,C,1
ITM5415,1,C,1
ITM3911,1,C,1
ITM6833,1,C,1
ITM452,1,C,1
ITM5721,1,C,1
ITM2985,1,C,1
ITM6911,1,C,1
ITM5078,1,C,1
ITM6767,1,C,1
ITM3700,1,C,1
ITM5242,1,C,1
ITM6844,1,C,1
ITM5140,1,C,1
ITM2881,1,C,1
ITM5914,1,C,1
ITM5272,1,C,1
ITM329,1,C,1
ITM6448,1,C,1
ITM5393,1,C,1
ITM6797,1,C,1
ITM3175,1,C,1
ITM5630,1,C,1
ITM6784,1,C,1
ITM5507,1,C,1
ITM5244,1,C,1
ITM2629,1,C,1
ITM5301,1,C,1
ITM6998,1,C,1
ITM6142,1,C,1
ITM6841,1,C,1
ITM6861,1,C,1
ITM200,1,C,1
ITM5920,1,C,1
ITM6209,1,C,1
ITM2625,1,C,1
ITM5359,1,C,1
ITM6997,1,C,1
ITM2315,1,C,1
ITM5416,1,C,1
ITM6687,1,C,1
ITM5455,1,C,1
ITM5833,1,C,1
ITM593,1,C,1
ITM6914,1,C,1
ITM1630,1,C,1
ITM5510,1,C,1
ITM16,1,C,1
ITM1294,1,C,1
ITM6231,1,C,1
ITM5019,1,C,1
ITM3907,1,C,1
ITM1621,1,C,1
ITM6724,1,C,1
ITM6199,1,C,1
ITM6977,1,C,1
ITM6958,1,C,1
ITM6809,1,C,1
ITM6931,1,C,1
ITM6674,1,C,1
ITM6857,1,C,1
ITM5344,1,C,1
ITM6992,1,C,1
ITM5412,1,C,1
ITM3347,1,C,1
ITM2780,1,C,1
ITM5443,1,C,1
ITM5647,1,C,1
ITM1752,1,C,1
ITM629,1,C,1
ITM6950,1,C,1
ITM6219,1,C,1
ITM3531,1,C,1
ITM6710,1,C,1
ITM6691,1,C,1
ITM6688,1,C,1
ITM37,1,C,1
ITM1561,1,C,1
ITM6908,1,C,1
ITM3217,1,C,1
ITM4563,1,C,1
ITM3809,1,C,1
ITM6801,1,C,1
ITM6708,1,C,1
ITM6682,1,C,1
ITM6953,1,C,1
ITM6995,1,C,1
ITM6076,1,C,1
ITM776,1,C,1
ITM5326,1,C,1
ITM5514,1,C,1
ITM2837,1,C,1
ITM6951,1,C,1
ITM6676,1,C,1
ITM6662,1,C,1
ITM352,1,C,1
ITM7003,1,C,1
ITM2810,1,C,1
ITM5620,1,C,1
ITM6806,1,C,1
ITM6737,1,C,1
ITM6966,1,C,1
ITM5474,1,C,1
ITM5279,1,C,1
ITM6310,1,C,1
ITM6843,1,C,1
ITM6766,1,C,1
ITM6572,1,C,1
ITM5207,1,C,1
ITM5178,1,C,1
ITM6942,1,C,1
ITM6819,1,C,1
ITM6871,1,C,1
ITM6986,1,C,1
ITM6716,1,C,1
ITM6906,1,C,1
ITM6016,1,C,1
ITM6889,1,C,1
ITM1624,1,C,1
ITM5329,1,C,1
ITM5520,1,C,1
ITM6123,1,C,1
ITM6215,1,C,1
ITM4053,1,C,1
ITM6291,1,C,1
ITM6079,1,C,1
ITM5419,1,C,1
ITM6183,1,C,1
ITM5397,1,C,1
ITM6621,1,C,1
ITM4662,1,C,1
ITM5080,1,C,1
ITM6739,1,C,1
ITM4148,1,C,1
ITM6920,1,C,1
ITM6188,1,C,1
ITM638,1,C,1
ITM150,1,C,1
ITM5352,1,C,1
ITM3624,1,C,1
ITM6919,1,C,1
ITM6582,1,C,1
ITM5777,1,C,1
ITM4089,1,C,1
ITM6847,1,C,1
ITM5236,1,C,1
ITM2767,1,C,1
ITM2932,1,C,1
ITM1447,1,C,1
ITM1703,1,C,1
ITM6984,1,C,1
ITM6207,1,C,1
ITM6735,1,C,1
ITM1725,1,C,1
ITM6979,1,C,1
ITM2352,1,C,1
ITM841,1,C,1
ITM6994,1,C,1
ITM6894,1,C,1
ITM531,1,C,1
ITM5828,1,C,1
ITM5454,1,C,1
ITM5812,1,C,1
ITM5418,1,C,1
ITM6315,1,C,1
ITM6846,1,C,1
ITM6971,1,C,1
ITM4495,1,C,1
ITM2703,1,C,1
ITM3802,1,C,1
ITM5243,1,C,1
ITM4504,1,C,1
ITM6298,1,C,1
ITM5120,1,C,1
ITM4417,1,C,1
ITM934,1,C,1
ITM1639,1,C,1
ITM6725,1,C,1
ITM6810,1,C,1
ITM6934,1,C,1
ITM5286,1,C,1
ITM5442,1,C,1
ITM3277,1,C,1
ITM5026,1,C,1
ITM456,1,C,1
ITM6936,1,C,1
ITM6211,1,C,1
ITM6521,1,C,1
ITM5289,1,C,1
ITM6852,1,C,1
ITM2974,1,C,1
ITM6458,1,C,1
ITM5467,1,C,1
ITM6851,1,C,1
ITM5358,1,C,1
ITM6816,1,C,1
ITM6898,1,C,1
ITM5423,1,C,1
ITM5624,1,C,1
ITM6903,1,C,1
ITM6080,1,C,1
ITM6579,1,C,1
ITM6944,1,C,1
ITM6862,1,C,1
ITM6728,1,C,1
ITM6237,1,C,1
ITM6832,1,C,1
ITM6918,1,C,1
ITM6141,1,C,1
ITM5369,1,C,1
ITM2396,1,C,1
ITM5433,1,C,1
ITM6690,1,C,1
ITM5131,1,C,1
ITM549,1,C,1
ITM3144,1,C,1
ITM6820,1,C,1
ITM6870,1,C,1
ITM6935,1,C,1
ITM6972,1,C,1
ITM6573,1,C,1
ITM2498,1,C,1
ITM3855,1,C,1
ITM2986,1,C,1
ITM5489,1,C,1
ITM5067,1,C,1
ITM5394,1,C,1
ITM6317,1,C,1
ITM6234,1,C,1
ITM5059,1,C,1
ITM3873,1,C,1
ITM6210,1,C,1
ITM3300,1,C,1
ITM4109,1,C,1
ITM2326,1,C,1
ITM1965,1,C,1
ITM6675,1,C,1
ITM1647,1,C,1
ITM5635,1,C,1
ITM6949,1,C,1
ITM6365,1,C,1
ITM1618,1,C,1
ITM2929,1,C,1
ITM5803,1,C,1
ITM663,1,C,1
ITM6790,1,C,1
ITM6882,1,C,1
ITM2622,1,C,1
ITM4171,1,C,1
ITM5972,1,C,1
ITM6571,1,C,1
ITM2991,1,C,1
ITM6463,1,C,1
ITM2862,1,C,1
ITM6925,1,C,1
ITM6740,1,C,1
ITM5431,1,C,1
ITM2068,1,C,1
ITM6729,1,C,1
ITM6447,1,C,1
ITM268,1,C,1
ITM3722,1,C,1
ITM5451,1,C,1
ITM5396,1,C,1
ITM6923,1,C,1
ITM6696,1,C,1
ITM6078,1,C,1
ITM6568,1,C,1
ITM6033,1,C,1
ITM2933,1,C,1
ITM6753,1,C,1
ITM6804,1,C,1
ITM5112,1,C,1
ITM2412,1,C,1
ITM6395,1,C,1
ITM3326,1,C,1
ITM6504,1,C,1
ITM2451,1,C,1
ITM5028,1,C,1
ITM6570,1,C,1
ITM6834,1,C,1
ITM544,1,C,1
ITM954,1,C,1
ITM4551,1,C,1
ITM2010,1,C,1
ITM5499,1,C,1
ITM5402,1,C,1
ITM3904,1,C,1
ITM6895,1,C,1
ITM6240,1,C,1
ITM5395,1,C,1
ITM4598,1,C,1
ITM6311,1,C,1
ITM6239,1,C,1
ITM6863,1,C,1
ITM6483,1,C,1
ITM5796,1,C,1
ITM5432,1,C,1
ITM6086,1,C,1
ITM1644,1,C,1
ITM5276,1,C,1
ITM6569,1,C,1
ITM97,1,C,1
ITM3879,1,C,1
ITM6069,1,C,1
ITM3254,1,C,1
ITM5400,1,C,1
ITM6796,1,C,1
ITM243,1,C,1
ITM5513,1,C,1
ITM6384,1,C,1
ITM5229,1,C,1
ITM3888,1,C,1
ITM6860,1,C,1
ITM5119,1,C,1
ITM5572,1,C,1
ITM289,1,C,1
ITM2156,1,C,1
ITM6976,1,C,1
ITM5287,1,C,1
ITM1446,1,C,1
ITM7001,1,C,1
ITM321,1,C,1
ITM5031,1,C,1
ITM805,1,C,1
ITM3215,1,C,1
ITM6526,1,C,1
ITM6980,1,C,1
ITM5266,1,C,1
ITM5622,1,C,1
ITM2657,1,C,1
ITM5754,1,C,1
ITM5305,1,C,1
ITM5235,1,C,1
ITM6399,1,C,1
ITM864,1,C,1
ITM6329,1,C,1
ITM5324,1,C,1
ITM6197,1,C,1
ITM2786,1,C,1
ITM5461,1,C,1
ITM5288,1,C,1
ITM6567,1,C,1
ITM6859,1,C,1
ITM3199,1,C,1
ITM1058,1,C,1
ITM3792,1,C,1
ITM5472,1,C,1
ITM4610,1,C,1
ITM6214,1,C,1
ITM5494,1,C,1
ITM5240,1,C,1
ITM6410,1,C,1
ITM6990,1,C,1
ITM5414,1,C,1
ITM2689,1,C,1
ITM6960,1,C,1
ITM6892,1,C,1
ITM6897,1,C,1
ITM6534,1,C,1
ITM2443,1,C,1
ITM6858,1,C,1
ITM5911,1,C,1
ITM5437,1,C,1
ITM4544,1,C,1
ITM5439,1,C,1
ITM6586,1,C,1
ITM2053,1,C,1
ITM6961,1,C,1
ITM6937,1,C,1
ITM6855,1,C,1
ITM380,1,C,1
ITM6770,1,C,1
ITM4602,1,C,1
ITM5424,1,C,1
ITM6769,1,C,1
ITM6081,1,C,1
ITM5338,1,C,1
ITM6198,1,C,1
ITM2872,1,C,1
ITM5111,1,C,1
ITM784,1,C,1
ITM5542,1,C,1
ITM6848,1,C,1
ITM3758,1,C,1
ITM3947,1,C,1
ITM65,1,C,1
ITM3072,1,C,1
ITM6591,1,C,1
ITM6756,1,C,1
ITM6664,1,C,1
ITM5922,1,C,1
ITM6001,1,C,1
ITM59,1,C,1
ITM1761,1,C,1
ITM5760,1,C,1
ITM6968,1,C,1
ITM1196,1,C,1
ITM3165,1,C,1
ITM3860,1,C,1
ITM843,1,C,1
ITM1682,1,C,1
ITM6194,1,C,1
ITM2967,1,C,1
ITM5299,1,C,1
ITM6422,1,C,1
ITM3262,1,C,1
ITM5869,1,C,1
ITM6975,1,C,1
ITM5988,1,C,1
ITM6856,1,C,1
ITM264,1,C,1
ITM6909,1,C,1
ITM6678,1,C,1
ITM6634,1,C,1
ITM5375,1,C,1
ITM6888,1,C,1
ITM6296,1,C,1
ITM4276,1,C,1
ITM5905,1,C,1
ITM4261,1,C,1
ITM5516,1,C,1
ITM4597,1,C,1
ITM5102,1,C,1
ITM6964,1,C,1
ITM6507,1,C,1
ITM3024,1,C,1
ITM6912,1,C,1
ITM6697,1,C,1
ITM5385,1,C,1
ITM6580,1,C,1
ITM6864,1,C,1
ITM6904,1,C,1
ITM5547,1,C,1
ITM5029,1,C,1
ITM5315,1,C,1
ITM6021,1,C,1
ITM4666,1,C,1
ITM5284,1,C,1
ITM6328,1,C,1
ITM641,1,C,1
ITM5667,1,C,1
ITM6208,1,C,1
ITM4582,1,C,1
ITM6380,1,C,1
ITM5211,1,C,1
ITM1276,1,C,1
ITM6778,1,C,1
ITM2983,1,C,1
ITM2155,1,C,1
ITM6186,1,C,1
ITM6928,1,C,1
ITM2307,1,C,1
ITM6543,1,C,1
ITM6776,1,C,1
ITM6938,1,C,1
ITM6874,1,C,1
ITM6650,1,C,1
ITM1257,1,C,1
ITM6226,1,C,1
ITM4412,1,C,1
ITM5234,1,C,1
ITM6763,1,C,1
ITM5806,1,C,1
ITM6453,1,C,1
ITM6077,1,C,1
ITM4073,1,C,1
ITM5438,1,C,1
ITM6290,1,C,1
ITM5183,1,C,1
ITM3978,1,C,1
ITM5168,1,C,1
ITM5444,1,C,1
ITM4199,1,C,1
ITM6800,1,C,1
ITM3742,1,C,1
ITM6933,1,C,1
ITM6026,1,C,1
ITM5269,1,C,1
ITM2325,1,C,1
ITM6963,1,C,1
ITM5921,1,C,1
ITM22,1,C,1
ITM5115,1,C,1
ITM6940,1,C,1
ITM6202,1,C,1
ITM5502,1,C,1
ITM3418,1,C,1
ITM5413,1,C,1
ITM5521,1,C,1
ITM455,1,C,1
ITM2334,1,C,1
ITM4060,1,C,1
ITM6720,1,C,1
ITM5753,1,C,1
ITM4003,1,C,1
ITM4599,1,C,1
ITM6901,1,C,1
ITM6312,1,C,1
ITM5480,1,C,1
ITM6679,1,C,1
ITM6868,1,C,1
ITM4043,1,C,1
ITM6817,1,C,1
ITM6230,1,C,1
ITM6946,1,C,1
ITM5227,1,C,1
ITM5486,1,C,1
ITM473,1,C,1
ITM2751,1,C,1
ITM6913,1,C,1
ITM3913,1,C,1
ITM2157,1,C,1
ITM6917,1,C,1
ITM5224,1,C,1
ITM2069,1,C,1
ITM5618,1,C,1
ITM6201,1,C,1
ITM6025,1,C,1
ITM2463,1,C,1
ITM5105,1,C,1
ITM5857,1,C,1
ITM546,1,C,1
ITM6014,1,C,1
ITM4480,1,C,1
ITM1358,1,C,1
ITM2113,1,C,1
ITM6281,1,C,1
ITM4499,1,C,1
ITM5307,1,C,1
ITM5361,1,C,1
ITM6301,1,C,1
ITM5621,1,C,1
ITM5457,1,C,1
ITM2623,1,C,1
ITM6850,1,C,1
ITM2951,1,C,1
ITM6974,1,C,1
ITM5056,1,C,1
ITM6092,1,C,1
ITM5500,1,C,1
ITM4367,1,C,1
ITM5285,1,C,1
ITM6734,1,C,1
ITM6204,1,C,1
ITM6890,1,C,1
ITM6987,1,C,1
ITM6828,1,C,1
ITM596,1,C,1
ITM4193,1,C,1
ITM2067,1,C,1
ITM4334,1,C,1
ITM6866,1,C,1
ITM5055,1,C,1
ITM6738,1,C,1
ITM3631,1,C,1
ITM6985,1,C,1
ITM6893,1,C,1
ITM6849,1,C,1
ITM6450,1,C,1
ITM4180,1,C,1
ITM3622,1,C,1
ITM6812,1,C,1
ITM6191,1,C,1
ITM2037,1,C,1
ITM6969,1,C,1
ITM471,1,C,1
ITM6464,1,C,1
ITM5373,1,C,1
ITM5616,1,C,1
ITM5484,1,C,1
ITM4025,1,C,1
ITM5867,1,C,1
ITM6930,1,C,1
ITM778,1,C,1
ITM3399,1,C,1
ITM2298,1,C,1
ITM6854,1,C,1
ITM6869,1,C,1
ITM5403,1,C,1
ITM6965,1,C,1
ITM6306,1,C,1
ITM6433,1,C,1
ITM4144,1,C,1
ITM4591,1,C,1
ITM2930,1,C,1
ITM1837,1,C,1
ITM6983,1,C,1
ITM5304,1,C,1
ITM918,1,C,1
ITM2950,1,C,1
ITM4657,1,C,1
ITM6867,1,C,1
ITM4138,1,C,1
ITM4132,1,C,1
ITM6723,1,C,1
ITM5497,1,C,1
ITM4252,1,C,1
ITM6943,1,C,1
ITM5065,1,C,1
ITM571,1,C,1
ITM4509,1,C,1
ITM867,1,C,1
ITM3226,1,C,1
ITM6189,1,C,1
ITM6587,1,C,1
ITM3354,1,C,1
ITM2924,1,C,1
ITM5353,1,C,1
ITM5116,1,C,1
ITM5257,1,C,1
ITM770,1,C,1
